[
    {"id":1, "title":"픽업앤충전 서비스 런칭 이벤트 안내", "date":"2021.05.12", "hits":"319", "img":["https://www.tamraev.com/upload/notice/20210512152052_58344753.png","https://www.tamraev.com/upload/notice/20210512152055_34496955.png","https://www.tamraev.com/upload/notice/20210512152058_65778382.png","https://www.tamraev.com/upload/notice/20210512152101_73472584.png"],"desc":"현대자동차 전기차 이용고객을 위해\n충전을 대신해서 가져다 드리는 픽업앤충전서비스가 런칭했습니다!\n\n픽업앤충전서비스 런칭 이벤트로\n무상 쿠폰 지급이 되고 있다고 하니\n마이현대App 쿠폰함에서 확인해보세요~!\n\n현재 제주도에서 제공되는 서비스는 아니지만,\n서울 거주자이면서 제주도에서 렌트를 하고 계신 분이라면\n잊지말고 꼭 무료로 서비스를 받으세요~"},
    {"id":2, "title":"제주도 찾아가는 충전서비스 확대 운영", "date":"2021.05.12", "hits":"245", "img":["https://www.tamraev.com/upload/notice/20210512163706_00393187.jpg"],"desc":"제주도를 여행하면서 렌트한 전기차를 운행중에\n충전량이 적어 찾아간 충전소가 고장나있어서 당황하신적은 없으신가요?\n\n\n이제 그런 걱정을 현대자동차가 찾아가는충전서비스를 확대 운영하여 해소해 드립니다.\n\n고장난 충전소에서 찾아가는 충전서비스를 요청할시\n\n기존 7kWh 제공에서 20kWh (약 120km 주행가능) 제공으로 확대 운영중이기 때문인데요!\n\n\n080-600-6000 으로 연락주시면\n\n보유하신 차가 현대차가 아니더라도 렌트한 차량이 현대차이고 마이현대App에 가입만 되어 있어도\n\n모두 공짜로 이용 가능하다고 하니 위급한 상황에서 잊지말고 사용해보세요!"},
    {"id":3, "title":"제주도 고장난 충전기 신고하기 오픈", "date":"2021.05.21", "hits":"346", "img":["https://www.tamraev.com/upload/notice/20210521155523_65404347.png"],"desc":"탐라는 전기차 사이트에서 전기차 충전소를 검색해서 갔는데..\n\n도착해보니 충전기가 고장이라면??!\n\n\n마이현대 App을 통해 충전기 고장을 신고하고,\n\n찾아가는 충전서비스를 신청하면 20kWh 충전이 무료!! (120km 주행가능, 단 렌트한 차량이 현대차일경우에 한함)\n\n고장 신고를 통해 충전사업자들에게 수리 요청까지 자동으로 한번에 가능합니다.\n\n\n공익을 위해서, 나의 편안한 전기차 여행을 위해서\n\n고장난 충전기를 만났다면 한번 신고해볼까요?"},
    {"id":4, "title":"충전 에티켓 알아보기", "date":"2021.06.18", "hits":"246", "img":["https://www.tamraev.com/upload/notice/20210622140649_99567593.png","https://www.tamraev.com/upload/notice/20210622140653_48534344.png","https://www.tamraev.com/upload/notice/20210622140655_41641614.png","https://www.tamraev.com/upload/notice/20210622140658_71608832.png","https://www.tamraev.com/upload/notice/20210622140701_82881175.png","https://www.tamraev.com/upload/notice/20210622140704_16354564.png"],"desc":"환경도 지키고 타인도 배려하는 충전 에티켓을 안내드려요!!"},
    {"id":5, "title":"전기차 충전 로밍 요금의 비밀", "date":"2022.03.16", "hits":"140","img":["https://www.tamraev.com/upload/notice/20220316162545_36971771.png","https://www.tamraev.com/upload/notice/20220316162548_66702315.png","https://www.tamraev.com/upload/notice/20220316162550_01290401.png","https://www.tamraev.com/upload/notice/20220316162552_54406966.png","https://www.tamraev.com/upload/notice/20220316162554_28621318.png","https://www.tamraev.com/upload/notice/20220316162556_89838554.png","https://www.tamraev.com/upload/notice/20220316162559_72782598.png","https://www.tamraev.com/upload/notice/20220316162601_43785547.png","https://www.tamraev.com/upload/notice/20220316162604_18685775.png","https://www.tamraev.com/upload/notice/20220316162606_25750967.png","https://www.tamraev.com/upload/notice/20220316162609_80123980.png","https://www.tamraev.com/upload/notice/20220316162611_99879368.png"], "desc":"전기차 충전 로밍 요금의 비밀과 현대자동차 아이오닉 5 구매 고객만의 혜택 안내드립니다."}
]